-- phpMyAdmin SQL Dump
-- version 4.8.3
-- https://www.phpmyadmin.net/
--
-- Host: 127.0.0.1
-- Generation Time: Feb 18, 2019 at 01:24 PM
-- Server version: 10.1.36-MariaDB
-- PHP Version: 5.6.38

SET SQL_MODE = "NO_AUTO_VALUE_ON_ZERO";
SET AUTOCOMMIT = 0;
START TRANSACTION;
SET time_zone = "+00:00";


/*!40101 SET @OLD_CHARACTER_SET_CLIENT=@@CHARACTER_SET_CLIENT */;
/*!40101 SET @OLD_CHARACTER_SET_RESULTS=@@CHARACTER_SET_RESULTS */;
/*!40101 SET @OLD_COLLATION_CONNECTION=@@COLLATION_CONNECTION */;
/*!40101 SET NAMES utf8mb4 */;

--
-- Database: `physiotherapy`
--

-- --------------------------------------------------------

--
-- Table structure for table `tbl_blog`
--

CREATE TABLE `tbl_blog` (
  `id` int(11) NOT NULL,
  `title` text COLLATE utf8_bin NOT NULL,
  `body` text COLLATE utf8_bin,
  `photo` text COLLATE utf8_bin,
  `date` varchar(10) COLLATE utf8_bin NOT NULL DEFAULT '0000-00-00',
  `insert_by` int(11) NOT NULL,
  `insert_time` timestamp NOT NULL DEFAULT CURRENT_TIMESTAMP
) ENGINE=InnoDB DEFAULT CHARSET=utf8 COLLATE=utf8_bin;

--
-- Dumping data for table `tbl_blog`
--

INSERT INTO `tbl_blog` (`id`, `title`, `body`, `photo`, `date`, `insert_by`, `insert_time`) VALUES
(3, 'Foot Pain Exercises', '<p><strong>Lorem Ipsum</strong> is simply dummy text of the printing and typesetting industry. Lorem Ipsum has been the industry&#39;s standard dummy text ever since the 1500s, when an unknown printer took a galley of type and scrambled it to make a type specimen book. It has survived not only five centuries, but also the leap into electronic typesetting, remaining essentially unchanged. It was popularised in the 1960s with the release of Letraset sheets containing Lorem Ipsum passages, and more recently with desktop publishing software like Aldus PageMaker including versions of Lorem Ipsum.</p>\r\n', 'assets/blogPhoto/_20190218110727.jpg', '2019-02-18', 1, '0000-00-00 00:00:00'),
(4, 'Back Pain Exercises', '<p><strong>Lorem Ipsum</strong> is simply dummy text of the printing and typesetting industry. Lorem Ipsum has been the industry&#39;s standard dummy text ever since the 1500s, when an unknown printer took a galley of type and scrambled it to make a type specimen book. It has survived not only five centuries, but also the leap into electronic typesetting, remaining essentially unchanged. It was popularised in the 1960s with the release of Letraset sheets containing Lorem Ipsum passages, and more recently with desktop publishing software like Aldus PageMaker including versions of Lorem Ipsum.</p>\r\n', 'assets/blogPhoto/_20190218111102.jpg', '2019-02-18', 1, '2019-02-18 05:11:02'),
(5, 'Backbone Pain Exercise', '<p><strong>Lorem Ipsum</strong> is simply dummy text of the printing and typesetting industry. Lorem Ipsum has been the industry&#39;s standard dummy text ever since the 1500s, when an unknown printer took a galley of type and scrambled it to make a type specimen book. It has survived not only five centuries, but also the leap into electronic typesetting, remaining essentially unchanged. It was popularised in the 1960s with the release of Letraset sheets containing Lorem Ipsum passages, and more recently with desktop publishing software like Aldus PageMaker including versions of Lorem Ipsum.</p>\r\n', 'assets/blogPhoto/_20190218111146.jpg', '2019-02-18', 1, '2019-02-18 05:11:46'),
(6, 'Shoulder Pain Excersize', '<p><strong>Lorem Ipsum</strong> is simply dummy text of the printing and typesetting industry. Lorem Ipsum has been the industry&#39;s standard dummy text ever since the 1500s, when an unknown printer took a galley of type and scrambled it to make a type specimen book. It has survived not only five centuries, but also the leap into electronic typesetting, remaining essentially unchanged. It was popularised in the 1960s with the release of Letraset sheets containing Lorem Ipsum passages, and more recently with desktop publishing software like Aldus PageMaker including versions of Lorem Ipsum.</p>\r\n', 'assets/blogPhoto/_20190218111230.jpg', '2019-02-18', 1, '2019-02-18 05:12:30'),
(7, 'Foot Pain Excersize', '<p><strong>Lorem Ipsum</strong> is simply dummy text of the printing and typesetting industry. Lorem Ipsum has been the industry&#39;s standard dummy text ever since the 1500s, when an unknown printer took a galley of type and scrambled it to make a type specimen book. It has survived not only five centuries, but also the leap into electronic typesetting, remaining essentially unchanged. It was popularised in the 1960s with the release of Letraset sheets containing Lorem Ipsum passages, and more recently with desktop publishing software like Aldus PageMaker including versions of Lorem Ipsum.</p>\r\n', 'assets/blogPhoto/_20190218111252.jpg', '2019-02-18', 1, '2019-02-18 05:12:52'),
(8, 'Back Pain Excersize', '<p><strong>Lorem Ipsum</strong> is simply dummy text of the printing and typesetting industry. Lorem Ipsum has been the industry&#39;s standard dummy text ever since the 1500s, when an unknown printer took a galley of type and scrambled it to make a type specimen book. It has survived not only five centuries, but also the leap into electronic typesetting, remaining essentially unchanged. It was popularised in the 1960s with the release of Letraset sheets containing Lorem Ipsum passages, and more recently with desktop publishing software like Aldus PageMaker including versions of Lorem Ipsum.</p>\r\n', 'assets/blogPhoto/_20190218111323.jpg', '2019-02-18', 1, '2019-02-18 05:13:23');

-- --------------------------------------------------------

--
-- Table structure for table `tbl_common_pages`
--

CREATE TABLE `tbl_common_pages` (
  `id` int(11) NOT NULL,
  `name` varchar(20) NOT NULL,
  `title` text NOT NULL,
  `body` text NOT NULL,
  `attatched` text NOT NULL
) ENGINE=InnoDB DEFAULT CHARSET=utf8;

--
-- Dumping data for table `tbl_common_pages`
--

INSERT INTO `tbl_common_pages` (`id`, `name`, `title`, `body`, `attatched`) VALUES
(1, 'about-us', 'About Health Zone', '<p>ফিজিওথেরাপি একটি স্বতন্ত্র চিকিৎসাব্যবস্থা, যেখানে শারীরিক ব্যায়ামের মাধ্যমে চিকিৎসা, রোগ প্রতিরোধ এবং প্রতিবন্ধকতাজনিত স্বাস্থ্য সেবা প্রদান করা হয়। ফিজিওথেরাপি শব্দটি ফিজিও (শারীরিক) এবং থেরাপি (চিকিৎসা) শব্দ দুটি থেকে আগত। এই পদ্ধতির চিকিৎসকদের ফিজিওথেরাপিস্ট বলা হয়। ফিজিওথেরাপিস্টরা মানবদেহের চলন ও কার্যপ্রণালী উন্নয়ন, সর্বোচ্চ নড়ন ও চলনব্যাপ্তি, ব্যথা নিয়ন্ত্রণ ও নিরাময় এবং অন্যান্য শারীরিক সমস্যার প্রতিকার ও নিরাময় করে থাকেন। এ ধরণের চিকিৎসা পদ্ধতির বিশেষ বৈশিষ্ট্য হল এই পদ্ধতিতে ঔষধ প্রয়োগের পরিবর্তে শারীরিক ব্যায়ামের মাধ্যমে রোগ নিরাময় ও প্রতিকার করা হয়।</p>\r\n\r\n<p>We want to make sure that anybody who needs Physiotherapy gets expert treatment so we offer a Home care physiotherapy service to accommodate those who can’t make it to the clinic.</p>\r\n', 'assets/page_settings/personstandingpinksilhouettep_20190217143632.jpg'),
(2, 'ankle-sprains-and-tr', 'Ankle Sprains and treatment', '<p>The ankle joint, which connects the foot with the lower leg, is injured often. An unnatural twisting motion can happen when the foot is planted awkwardly, when the ground is uneven, or when an unusual amount of force is applied to the joint. Such injuries to the ligaments or tendons of the ankle happen during athletic events, while running or walking, or even doing something as simple as getting out of bed.</p>\r\n', 'assets/page_settings/_20190218162155.jpg'),
(3, 'knee-pain-exercises', 'Knee Pain Exercises', '<p>Are you worried that working out could cause more knee damage or pain? As long as your doctor says it’s OK, the best thing you can do is to strengthen the muscles that support your knee and keep them flexible. Start slowly, and build up over time. Talk to your doctor about which specific exercises are good for you. Talk to your doctor about which specific exercises are good for you.Talk to your doctor about which specific exercises are good for you.</p>\r\n', 'assets/page_settings/dental_20190218162310.jpg'),
(4, 'back-pain-exercises', 'Back Pain Exercises', '<p>Some exercises can aggravate back pain and should be avoided when you have acute low back pain. Partial crunches can help strengthen your back and stomach muscles. Lie with knees bent and feet flat on the floor. ... Hold for a second, then slowly lower back down. Lie with knees bent and feet flat on the floor. ... Hold for a second, then slowly lower back down.</p>\r\n', 'assets/page_settings/dental_20190218162320.jpg'),
(5, 'foot-pain-exercises', 'Foot Pain Exercises', '<p>Raise your heels. This exercise is good for relieving toe cramps caused by standing for hours in constricting shoes, says Kurtz. Bonus: It can also strengthen calf muscles and make them look more defined. Stand up and lift your heels so that you are standing on the balls of your feet. Hold for 10 seconds. Repeat 10 times. Stand up and lift your heels so that you are standing on the balls of your feet. Hold for 10 seconds. Repeat 10 times.</p>\r\n', 'assets/page_settings/_20190218162335.jpg'),
(6, 'who-we-are', 'Who we are', 'Lorem ipsum dolor sit amet, consectetur adipisicing elit. Quas doloribus facere perferendis eveniet ipsam reiciendis cumque aspernatur natus! Voluptatem laudantium totam, quia reiciendis quibusdam voluptate architecto impedit id iste rem mollitia enim reprehenderit fugit exercitationem ab placeat debitis vel excepturi molestiae laboriosam aut. Possimus expedita sint neque voluptatibus, odio, architecto, excepturi corrupti magnam sunt ipsa voluptatem consequuntur iusto quo, molestiae dolorem repudiandae. Consectetur dolorem placeat ratione eum quasi delectus, corrupti.', ''),
(7, 'what-we-do', 'What we do', 'Lorem ipsum dolor sit amet, consectetur adipisicing elit. Quas doloribus facere perferendis eveniet ipsam reiciendis cumque aspernatur natus! Voluptatem laudantium totam, quia reiciendis quibusdam voluptate architecto impedit id iste rem mollitia enim reprehenderit fugit exercitationem ab placeat debitis vel excepturi molestiae laboriosam aut. Possimus expedita sint neque voluptatibus, odio, architecto, excepturi corrupti magnam sunt ipsa voluptatem consequuntur iusto quo, molestiae dolorem repudiandae. Consectetur dolorem placeat ratione eum quasi delectus, corrupti.', ''),
(8, 'our-mission', 'Our Mission', '<p>Lorem Ipsum is simply dummy text of the printing and typesetting industry. Lorem Ipsum has been the industry&#39;s standard dummy text ever since the 1500s, when an unknown printer took a galley of type and scrambled it to make a type specimen book. It has survived not only five centuries, but also the leap into electronic typesetting, remaining essentially unchanged. It was popularised in the 1960s with the release of Letraset sheets containing Lorem Ipsum passages, and more recently with desktop publishing software like Aldus PageMaker including versions of Lorem Ipsum.</p>\r\n', 'assets/page_settings/ourmissionx_20190218150011.jpg'),
(9, 'our-vission', 'Our Vision', '<p>Lorem Ipsum is simply dummy text of the printing and typesetting industry. Lorem Ipsum has been the industry&#39;s standard dummy text ever since the 1500s, when an unknown printer took a galley of type and scrambled it to make a type specimen book. It has survived not only five centuries, but also the leap into electronic typesetting, remaining essentially unchanged. It was popularised in the 1960s with the release of Letraset sheets containing Lorem Ipsum passages, and more recently with desktop publishing software like Aldus PageMaker including versions of Lorem Ipsum.</p>\r\n', 'assets/page_settings/vision_20190218150748.jpg'),
(10, 'terms-policy', 'Terms and Conditions', '<p>Lorem Ipsum is simply dummy text of the printing and typesetting industry. Lorem Ipsum has been the industry&#39;s standard dummy text ever since the 1500s, when an unknown printer took a galley of type and scrambled it to make a type specimen book. It has survived not only five centuries, but also the leap into electronic typesetting, remaining essentially unchanged. It was popularised in the 1960s with the release of Letraset sheets containing Lorem Ipsum passages, and more recently with desktop publishing software like Aldus PageMaker including versions of Lorem Ipsum.</p>\r\n', 'assets/page_settings/termsandconditions_20190218151502.png'),
(11, 'training', 'Training', '<p>Lorem Ipsum is simply dummy text of the printing and typesetting industry. Lorem Ipsum has been the industry&#39;s standard dummy text ever since the 1500s, when an unknown printer took a galley of type and scrambled it to make a type specimen book. It has survived not only five centuries, but also the leap into electronic typesetting, remaining essentially unchanged. It was popularised in the 1960s with the release of Letraset sheets containing Lorem Ipsum passages, and more recently with desktop publishing software like Aldus PageMaker including versions of Lorem Ipsum.</p>\r\n', 'assets/page_settings/Leapfrogtrainingsession_20190218151819.jpg'),
(13, 'faq', 'FQA', '<p>Lorem Ipsum is simply dummy text of the printing and typesetting industry. Lorem Ipsum has been the industry&#39;s standard dummy text ever since the 1500s, when an unknown printer took a galley of type and scrambled it to make a type specimen book. It has survived not only five centuries, but also the leap into electronic typesetting, remaining essentially unchanged. It was popularised in the 1960s with the release of Letraset sheets containing Lorem Ipsum passages, and more recently with desktop publishing software like Aldus PageMaker including versions of Lorem Ipsum.</p>\r\n', 'assets/page_settings/whitedcharacterinfrontofabigredquestionmarkillustrationonwhitebackground_20190218152157.jpg');

-- --------------------------------------------------------

--
-- Table structure for table `tbl_contact_manage`
--

CREATE TABLE `tbl_contact_manage` (
  `id` int(11) NOT NULL,
  `name` text COLLATE utf8_bin,
  `email` varchar(255) COLLATE utf8_bin DEFAULT NULL,
  `phone` varchar(20) COLLATE utf8_bin DEFAULT NULL,
  `address` text COLLATE utf8_bin,
  `message_body` text COLLATE utf8_bin,
  `update_by` int(11) NOT NULL DEFAULT '0',
  `last_update` timestamp NOT NULL DEFAULT CURRENT_TIMESTAMP ON UPDATE CURRENT_TIMESTAMP
) ENGINE=InnoDB DEFAULT CHARSET=utf8 COLLATE=utf8_bin;

--
-- Dumping data for table `tbl_contact_manage`
--

INSERT INTO `tbl_contact_manage` (`id`, `name`, `email`, `phone`, `address`, `message_body`, `update_by`, `last_update`) VALUES
(1, 'Md. Foisal Ahmed', 'Foisal@gmail.com', '01738244628', 'Mohammadpur, Dhaka', 'Lorem Ipsum is simply dummy text of the printing and typesetting industry. Lorem Ipsum has been the industry\'s standard dummy text ever since the 1500s, when an unknown printer took a galley of type and scrambled it to make a type specimen book. It has survived not only five centuries, but also the leap into electronic typesetting, remaining essentially unchanged. It was popularised in the 1960s with the release of Letraset sheets containing Lorem Ipsum passages, and more recently with desktop publishing software like Aldus PageMaker including versions of Lorem Ipsum.', 0, '2019-02-17 05:47:46');

-- --------------------------------------------------------

--
-- Table structure for table `tbl_contact_page`
--

CREATE TABLE `tbl_contact_page` (
  `id` int(11) NOT NULL,
  `branch_name` text COLLATE utf8_bin NOT NULL,
  `phone` text COLLATE utf8_bin NOT NULL,
  `email` text COLLATE utf8_bin NOT NULL,
  `address` text COLLATE utf8_bin NOT NULL,
  `insert_by` int(11) NOT NULL,
  `insert_time` varchar(20) COLLATE utf8_bin NOT NULL DEFAULT '0000-00-00 00:00:00'
) ENGINE=InnoDB DEFAULT CHARSET=utf8 COLLATE=utf8_bin;

--
-- Dumping data for table `tbl_contact_page`
--

INSERT INTO `tbl_contact_page` (`id`, `branch_name`, `phone`, `email`, `address`, `insert_by`, `insert_time`) VALUES
(1, 'Dhaka', '01738244627', 'no@gmail.com', 'Rajshahi', 1, '2019-02-17 12:04:45');

-- --------------------------------------------------------

--
-- Table structure for table `tbl_divission`
--

CREATE TABLE `tbl_divission` (
  `id` int(11) NOT NULL,
  `name` varchar(255) NOT NULL
) ENGINE=InnoDB DEFAULT CHARSET=utf8;

--
-- Dumping data for table `tbl_divission`
--

INSERT INTO `tbl_divission` (`id`, `name`) VALUES
(1, 'ঢাকা'),
(2, 'রাজশাহী'),
(3, 'চট্টগ্রাম'),
(4, 'সিলেট'),
(5, 'খুলনা'),
(6, 'বরিশাল'),
(7, 'রংপুর'),
(8, 'ময়মনসিংহ');

-- --------------------------------------------------------

--
-- Table structure for table `tbl_general`
--

CREATE TABLE `tbl_general` (
  `id` int(11) NOT NULL,
  `name` varchar(200) COLLATE utf8_bin NOT NULL,
  `value` text COLLATE utf8_bin NOT NULL
) ENGINE=InnoDB DEFAULT CHARSET=utf8 COLLATE=utf8_bin;

--
-- Dumping data for table `tbl_general`
--

INSERT INTO `tbl_general` (`id`, `name`, `value`) VALUES
(2, 'service-title-one', 'Services We'),
(3, 'service-title-two', 'Provide'),
(4, 'service-title-body', 'Join our Health Zone and be healthy.'),
(5, 'healthzone-features-title', 'HealthZone Features'),
(6, 'healthzone-features-body', 'Post surgery recovery can be a very traumatic event, both psychologically and physically. It can place the body under tremendous stress and can leave muscles weakened. That’s why it is often necessary to undergo some post surgery physiotherapy. '),
(7, 'healthzone-gallery-title-one', 'HealthZone'),
(8, 'healthzone-gallery-title-two', 'gallery'),
(9, 'team-title-one', 'Our Experienced'),
(10, 'team-title-two', 'Physiotherapist'),
(11, 'our-office-location-title', '\r\nOur Office Location'),
(12, 'our-office-location-value', '#405, Los Vegas, USA'),
(13, 'contact-number-title', 'Contact Number'),
(14, 'contact-number-value', '+325 12345 65478'),
(15, 'email-address-title', 'Email Address'),
(16, 'email-address-value', 'supporte@yourdomin.com'),
(17, 'make-video-call-title', '\r\nMake a Video Call'),
(18, 'make-video-call-value', 'ThemeMascotSkype'),
(19, 'header-phone', '123-456-789'),
(20, 'header-email', 'contact@yourdomain.com'),
(21, 'footer-address', '203, Envato Labs, Behind Alis Steet, Melbourne, Australia.'),
(22, 'footer-phone', '123-456-789'),
(23, 'footer-email', 'contact@yourdomain.com'),
(24, 'footer-website', 'www.yourdomain.com'),
(25, 'call-us-now-title', 'Call Us Now'),
(26, 'call-us-now-value', '00144-636894');

-- --------------------------------------------------------

--
-- Table structure for table `tbl_packages`
--

CREATE TABLE `tbl_packages` (
  `id` int(11) NOT NULL,
  `title` text COLLATE utf8_bin NOT NULL,
  `body` text COLLATE utf8_bin NOT NULL,
  `photo` text COLLATE utf8_bin,
  `priority` int(11) NOT NULL,
  `insert_by` int(11) NOT NULL,
  `insert_time` varchar(20) COLLATE utf8_bin NOT NULL DEFAULT '0000-00-00 00:00:00'
) ENGINE=InnoDB DEFAULT CHARSET=utf8 COLLATE=utf8_bin;

--
-- Dumping data for table `tbl_packages`
--

INSERT INTO `tbl_packages` (`id`, `title`, `body`, `photo`, `priority`, `insert_by`, `insert_time`) VALUES
(2, 'EPHYSIOTHERAPY', '<p>Physiotherapy is a healing method focused on mobility. Physiotherapists help patients regain mobility, as far as possible. They assess, diagnose and treat disabilities.</p>\r\n', 'assets/packagePhoto/_20190217171127.jpg', 4, 1, '2019-02-17 17:11:27'),
(3, 'PHYSIO FOR PAIN', '<p>We Provide the best quality home care physiotherapy service for pain management.</p>\r\n', 'assets/packagePhoto/_20190217171155.jpg', 3, 1, '2019-02-17 17:11:55'),
(4, 'PHYSIO AFTER SURGERY', '<p>Post surgery recovery can be a very traumatic event, both psychologically and physically. It can place the body under tremendous stress and can leave muscles weakened. That&rsquo;s why it is often necessary to undergo some post surgery physiotherapy.</p>\r\n', 'assets/packagePhoto/_20190217171239.jpg', 2, 1, '2019-02-17 17:12:39'),
(5, 'CARE OF OLDER', '<p>Care of the elderly involves a series of preventive and intervention measures to offer protection and improve quality of life. Our team of therapists at Physio Comes To You can offer extensive services caring for the elderly in their own home.</p>\r\n', 'assets/packagePhoto/_20190217171306.jpg', 1, 1, '2019-02-17 17:13:06'),
(6, 'Shoulder Pain Excersize', '<p><strong>Lorem Ipsum</strong> is simply dummy text of the printing and typesetting industry. Lorem Ipsum has been the industry&#39;s standard dummy text ever since the 1500s, when an unknown printer took a galley of type and scrambled it to make a type specimen book. It has survived not only five centuries, but also the leap into electronic typesetting, remaining essentially unchanged. It was popularised in the 1960s with the release of Letraset sheets containing Lorem Ipsum passages, and more recently with desktop publishing software like Aldus PageMaker including versions of Lorem Ipsum.</p>\r\n', 'assets/packagePhoto/_20190218123437.jpg', 5, 1, '2019-02-18 12:34:37'),
(7, 'Back Pain Excersize', '<p><strong>Lorem Ipsum</strong> is simply dummy text of the printing and typesetting industry. Lorem Ipsum has been the industry&#39;s standard dummy text ever since the 1500s, when an unknown printer took a galley of type and scrambled it to make a type specimen book. It has survived not only five centuries, but also the leap into electronic typesetting, remaining essentially unchanged. It was popularised in the 1960s with the release of Letraset sheets containing Lorem Ipsum passages, and more recently with desktop publishing software like Aldus PageMaker including versions of Lorem Ipsum.</p>\r\n', 'assets/packagePhoto/_20190218123457.jpg', 6, 1, '2019-02-18 12:34:57');

-- --------------------------------------------------------

--
-- Table structure for table `tbl_portfolio`
--

CREATE TABLE `tbl_portfolio` (
  `id` int(11) NOT NULL,
  `title` text COLLATE utf8_bin NOT NULL,
  `photo` text COLLATE utf8_bin NOT NULL,
  `priority` int(11) NOT NULL,
  `category` varchar(200) COLLATE utf8_bin NOT NULL,
  `insert_by` int(11) NOT NULL,
  `insert_time` varchar(20) COLLATE utf8_bin NOT NULL DEFAULT '0000-00-00 00:00'
) ENGINE=InnoDB DEFAULT CHARSET=utf8 COLLATE=utf8_bin;

--
-- Dumping data for table `tbl_portfolio`
--

INSERT INTO `tbl_portfolio` (`id`, `title`, `photo`, `priority`, `category`, `insert_by`, `insert_time`) VALUES
(1, 'Foot Pain Excersize', 'assets/portfolioPhoto/_20190218101655.jpg', 10, 'branding', 1, '2019-02-18 10:16:55'),
(2, 'Back Pain Excersize', 'assets/portfolioPhoto/_20190218101732.jpg', 9, 'design', 1, '2019-02-18 10:17:32'),
(3, 'Knee Pain Excersize', 'assets/portfolioPhoto/_20190218101755.jpg', 8, 'photography', 1, '2019-02-18 10:17:55'),
(4, 'Shoulder Pain Excersize', 'assets/portfolioPhoto/_20190218101834.jpg', 7, 'branding', 1, '2019-02-18 10:18:34'),
(5, 'Shoulder Pain Excersize', 'assets/portfolioPhoto/_20190218101852.jpg', 7, 'design', 1, '2019-02-18 10:18:52'),
(6, 'Knee Pain Excersize ', 'assets/portfolioPhoto/_20190218101917.jpg', 6, 'photography', 1, '2019-02-18 10:19:17');

-- --------------------------------------------------------

--
-- Table structure for table `tbl_red_alert`
--

CREATE TABLE `tbl_red_alert` (
  `id` int(11) NOT NULL,
  `message` text COLLATE utf8_bin NOT NULL,
  `start_datetime` varchar(20) COLLATE utf8_bin NOT NULL DEFAULT '0000-00-00 00:00:00',
  `end_datetime` varchar(20) COLLATE utf8_bin NOT NULL DEFAULT '0000-00-00 00:00:00',
  `color` varchar(12) COLLATE utf8_bin NOT NULL DEFAULT 'FF0000'
) ENGINE=InnoDB DEFAULT CHARSET=utf8 COLLATE=utf8_bin;

--
-- Dumping data for table `tbl_red_alert`
--

INSERT INTO `tbl_red_alert` (`id`, `message`, `start_datetime`, `end_datetime`, `color`) VALUES
(1, 'Lorem Ipsum is simply dummy text of the printing and typesetting industry. Lorem Ipsum has been the industry\'s standard dummy text ever since the 1500s, when an unknown printer took a galley of type and scrambled it to make a type specimen book. It has survived not only five centuries, but also the leap into electronic typesetting, remaining essentially unchanged. It was popularised in the 1960s with the release of Letraset sheets containing Lorem Ipsum passages, and more recently with desktop publishing software like Aldus PageMaker including versions of Lorem Ipsum.', '2019-02-17 12:30:00', '2019-02-28 16:30:00', '#0080ff');

-- --------------------------------------------------------

--
-- Table structure for table `tbl_slider`
--

CREATE TABLE `tbl_slider` (
  `id` int(11) NOT NULL,
  `photo` text NOT NULL,
  `title_one` text NOT NULL,
  `title_two` text NOT NULL,
  `body` text NOT NULL,
  `priority` int(11) NOT NULL COMMENT 'max top, min low',
  `insert_by` int(11) NOT NULL,
  `insert_time` varchar(20) NOT NULL DEFAULT '0000-00-00 00:00'
) ENGINE=InnoDB DEFAULT CHARSET=utf8;

--
-- Dumping data for table `tbl_slider`
--

INSERT INTO `tbl_slider` (`id`, `photo`, `title_one`, `title_two`, `body`, `priority`, `insert_by`, `insert_time`) VALUES
(2, 'assets/silderPhoto/bg_20190217150623.jpg', 'Welcome to', 'Physiotherapy', '<p>We Provide Our best opportunity and qualified trainers<br />\r\nfor best workout yourself as you want</p>\r\n', 3, 1, '2019-02-17 15:06:23'),
(3, 'assets/silderPhoto/bg_20190217150757.jpg', 'Making Healthier and', 'Stronger', '<p>We Provide Our best opportunity and qualified trainers<br />\r\nfor best workout yourself as you want</p>\r\n', 2, 1, '2019-02-17 15:07:57'),
(4, 'assets/silderPhoto/bg_20190217150848.jpg', 'Manual Therapy to', 'reduce pain', '<p>We Provide Our best opportunity and qualified trainers<br />\r\nfor best workout yourself as you want</p>\r\n', 1, 1, '2019-02-17 15:08:48');

-- --------------------------------------------------------

--
-- Table structure for table `tbl_teammember`
--

CREATE TABLE `tbl_teammember` (
  `id` int(11) NOT NULL,
  `name` text COLLATE utf8_unicode_ci NOT NULL,
  `photo` text COLLATE utf8_unicode_ci NOT NULL,
  `designation` text COLLATE utf8_unicode_ci,
  `facebook` text COLLATE utf8_unicode_ci,
  `twitter` text COLLATE utf8_unicode_ci NOT NULL,
  `insert_by` int(11) NOT NULL,
  `insert_time` varchar(20) COLLATE utf8_unicode_ci NOT NULL DEFAULT '0000-00-00 00:00'
) ENGINE=MyISAM DEFAULT CHARSET=utf8 COLLATE=utf8_unicode_ci;

--
-- Dumping data for table `tbl_teammember`
--

INSERT INTO `tbl_teammember` (`id`, `name`, `photo`, `designation`, `facebook`, `twitter`, `insert_by`, `insert_time`) VALUES
(3, 'Steve Smith', 'assets/teamPhoto/_20190218114432.jpg', 'Physiotherapist', 'facebook.com', 'twitter.com', 1, '2019-02-18 11:43:54'),
(4, 'Steve Harvey', 'assets/teamPhoto/_20190218114512.jpg', 'Physiotherapist', 'facebook.com', 'twitter.com', 1, '2019-02-18 11:45:12'),
(5, 'Steve Rozer', 'assets/teamPhoto/_20190218114537.jpg', 'Physiotherapist', 'facebook.com', 'twitter.com', 1, '2019-02-18 11:45:37'),
(6, 'Tom Hardy', 'assets/teamPhoto/_20190218114603.jpg', 'Physiotherapist', 'facebook.com', 'twitter.com', 1, '2019-02-18 11:46:03'),
(7, 'Crish Evan', 'assets/teamPhoto/_20190218114649.jpg', 'Physiotherapist', 'facebook.com', 'twitter.com', 1, '2019-02-18 11:46:49'),
(8, 'Crish Pratt', 'assets/teamPhoto/_20190218114711.jpg', 'Physiotherapist', 'facebook.com', 'twitter.com', 1, '2019-02-18 11:47:11');

-- --------------------------------------------------------

--
-- Table structure for table `tbl_testimonials`
--

CREATE TABLE `tbl_testimonials` (
  `id` int(11) NOT NULL,
  `name` text NOT NULL,
  `position` text NOT NULL,
  `priority` int(11) NOT NULL COMMENT 'max top, min low',
  `photo` text NOT NULL,
  `description` text NOT NULL,
  `insert_by` int(11) NOT NULL,
  `insert_time` timestamp NOT NULL DEFAULT CURRENT_TIMESTAMP
) ENGINE=InnoDB DEFAULT CHARSET=utf8 ROW_FORMAT=COMPACT;

--
-- Dumping data for table `tbl_testimonials`
--

INSERT INTO `tbl_testimonials` (`id`, `name`, `position`, `priority`, `photo`, `description`, `insert_by`, `insert_time`) VALUES
(1, 'Md. Foisal Ahmed', 'Web Developer', 10, 'assets/testimonialsPhoto/personstandingpinksilhouettep_20190217122103.jpg', ' Lorem Ipsum is simply dummy text of the printing and typesetting industry. Lorem Ipsum has been the industry\'s standard dummy text ever since the 1500s, when an unknown printer took a galley of type and scrambled it to make a type specimen book. It has survived not only five centuries, but also the leap into electronic typesetting, remaining essentially unchanged. It was popularised in the 1960s with the release of Letraset sheets containing Lorem Ipsum passages, and more recently with desktop publishing software like Aldus PageMaker including versions of Lorem Ipsum.', 1, '2019-02-17 06:20:19');

-- --------------------------------------------------------

--
-- Table structure for table `tbl_upozilla`
--

CREATE TABLE `tbl_upozilla` (
  `id` int(11) NOT NULL,
  `division_id` int(11) NOT NULL,
  `zilla_id` int(11) NOT NULL,
  `name` varchar(255) NOT NULL
) ENGINE=InnoDB DEFAULT CHARSET=utf8;

--
-- Dumping data for table `tbl_upozilla`
--

INSERT INTO `tbl_upozilla` (`id`, `division_id`, `zilla_id`, `name`) VALUES
(1, 1, 1, 'সাভার'),
(2, 1, 1, 'ধামরাই'),
(3, 1, 1, 'কেরাণীগঞ্জ'),
(4, 1, 1, 'নবাবগঞ্জ'),
(5, 1, 1, 'দোহার'),
(6, 1, 1, 'তেজগাঁও উন্নয়ন সার্কেল'),
(7, 1, 2, 'কালীগঞ্জ'),
(8, 1, 2, 'কালিয়াকৈর'),
(9, 1, 2, 'কাপাসিয়া'),
(10, 1, 2, 'গাজীপুর সদর'),
(11, 1, 2, 'শ্রীপুর'),
(12, 1, 3, 'বাসাইল'),
(13, 1, 3, 'ভুয়াপুর'),
(14, 1, 3, 'ঘাটাইল'),
(15, 1, 3, 'দেলদুয়ার'),
(16, 1, 3, 'গোপালপুর'),
(17, 1, 3, 'মধুপুর'),
(18, 1, 3, 'মির্জাপুর'),
(19, 1, 3, 'নাগরপুর'),
(20, 1, 3, 'সখিপুর'),
(21, 1, 3, 'টাঙ্গাইল সদর'),
(22, 1, 3, 'কালিহাতী'),
(23, 1, 3, 'ধনবাড়ি'),
(24, 1, 4, 'আড়াইহাজার'),
(25, 1, 4, 'বন্দর'),
(26, 1, 4, 'নারায়ণগঞ্জ সদর'),
(27, 1, 4, 'রূপগঞ্জ'),
(28, 1, 4, 'সোনারগাঁ'),
(29, 1, 5, 'ইটনা'),
(30, 1, 5, 'কটিয়াদি'),
(31, 1, 5, 'ভৈরব'),
(32, 1, 5, 'হোসেনপুর'),
(33, 1, 5, 'তাড়াইল'),
(34, 1, 5, 'পাকুন্দিয়া'),
(35, 1, 5, 'কুলিয়ারচর'),
(36, 1, 5, 'কিশোরগঞ্জ সদর'),
(37, 1, 5, 'করিমগঞ্জ'),
(38, 1, 5, 'বাজিতপুর'),
(39, 1, 5, 'অষ্টগ্রাম'),
(40, 1, 5, 'মিঠামইন'),
(41, 1, 5, 'নিকলী'),
(42, 1, 6, 'বেলাবো'),
(43, 1, 6, 'মনোহরদী'),
(44, 1, 6, 'নরসিংদী সদর'),
(45, 1, 6, 'পলাশ'),
(46, 1, 6, 'রায়পুরা'),
(47, 1, 6, 'শিবপুর'),
(48, 1, 7, 'রাজবাড়ী সদর'),
(49, 1, 7, 'গোয়ালন্দ'),
(50, 1, 7, 'পাংশা'),
(51, 1, 7, 'বালিয়াকান্দি'),
(52, 1, 7, 'কালুখালী'),
(53, 1, 8, 'ফরিদপুর সদর'),
(54, 1, 8, 'আলফাডাঙ্গা'),
(55, 1, 8, 'বোয়ালমারী'),
(56, 1, 8, 'সদরপুর'),
(57, 1, 8, 'নগরকান্দা'),
(58, 1, 8, 'ভাঙ্গা'),
(59, 1, 8, 'চরভদ্রাসন'),
(60, 1, 8, 'মধুখালী'),
(61, 1, 8, 'সালথা'),
(62, 1, 9, 'মাদারীপুর সদর'),
(63, 1, 9, 'শিবচর'),
(64, 1, 9, 'কালকিনি'),
(65, 1, 9, 'রাজৈর'),
(66, 1, 10, 'গোপালগঞ্জ সদর'),
(67, 1, 10, 'কাশিয়ানী'),
(68, 1, 10, 'টুংগীপাড়া'),
(69, 1, 10, 'কোটালীপাড়া'),
(70, 1, 10, 'মুকসুদপুর'),
(71, 1, 11, 'মুন্সিগঞ্জ সদর'),
(72, 1, 11, 'শ্রীনগর'),
(73, 1, 11, 'সিরাজদিখান'),
(74, 1, 11, 'লৌহজং '),
(75, 1, 11, 'গজারিয়া'),
(76, 1, 11, 'টংগিবাড়ী'),
(77, 1, 12, 'হরিরামপুর'),
(78, 1, 12, 'সাটুরিয়া'),
(79, 1, 12, 'মানিকগঞ্জ সদর'),
(80, 1, 12, 'ঘিওর'),
(81, 1, 12, 'শিবালয়'),
(82, 1, 12, 'দৌলতপুর'),
(83, 1, 12, 'সিংগাইর'),
(84, 1, 13, 'শরিয়তপুর সদর'),
(85, 1, 13, 'নড়িয়া'),
(86, 1, 13, 'জাজিরা'),
(87, 1, 13, 'গোসাইরহাট'),
(88, 1, 13, 'ভেদরগঞ্জ'),
(89, 1, 13, 'ডামুড্যা'),
(90, 2, 14, 'পবা'),
(91, 2, 14, 'দুর্গাপুর'),
(92, 2, 14, 'মোহনপুর'),
(93, 2, 14, 'চারঘাট'),
(94, 2, 14, 'পুঠিয়া'),
(95, 2, 14, 'বাঘা'),
(96, 2, 14, 'গোদাগাড়ী'),
(97, 2, 14, 'তানোর'),
(98, 2, 14, 'বাঘমারা'),
(99, 2, 15, 'বেলকুচি'),
(100, 2, 15, 'চৌহালি'),
(101, 2, 15, 'কামারখন্দ'),
(102, 2, 15, 'কাজীপুর'),
(103, 2, 15, 'রায়গঞ্জ'),
(104, 2, 15, 'শাহজাদপুর'),
(105, 2, 15, 'সিরাজগঞ্জ সদর'),
(106, 2, 15, 'তাড়াশ'),
(107, 2, 15, 'উল্লাপাড়া'),
(108, 2, 16, 'সুজানগর'),
(109, 2, 16, 'ঈশ্বরদী'),
(110, 2, 16, 'ভাঙ্গুরা'),
(111, 2, 16, 'পাবনা সদর'),
(112, 2, 16, 'বেড়া'),
(113, 2, 16, 'আটঘরিয়া'),
(114, 2, 16, 'চাটমোহর'),
(115, 2, 16, 'সাঁথিয়া'),
(116, 2, 16, 'ফরিদপুর'),
(117, 2, 17, 'কাহালু'),
(118, 2, 17, 'বগুড়া সদর'),
(119, 2, 17, 'সারিয়াকান্দি'),
(120, 2, 17, 'শাজাহানপুর'),
(121, 2, 17, 'দুপচাঁচিয়া'),
(122, 2, 17, 'আদমদিঘি'),
(123, 2, 17, 'নন্দিগ্রাম'),
(124, 2, 17, 'সোনাতলা'),
(125, 2, 17, 'ধুনট'),
(126, 2, 17, 'গাবতলী'),
(127, 2, 17, 'শেরপুর'),
(128, 2, 17, 'শিবগঞ্জ'),
(129, 2, 18, 'চাঁপাইনবাবগঞ্জ সদর'),
(130, 2, 18, 'গোমস্তাপুর'),
(131, 2, 18, 'নাচোল'),
(132, 2, 18, 'ভোলাহাট'),
(133, 2, 18, 'শিবগঞ্জ'),
(134, 2, 19, 'আক্কেলপুর'),
(135, 2, 19, 'কালাই'),
(136, 2, 19, 'ক্ষেতলাল'),
(137, 2, 19, 'পাঁচবিবি'),
(138, 2, 19, 'জয়পুরহাট সদর'),
(139, 2, 20, 'মহাদেবপুর'),
(140, 2, 20, 'বদলগাছী'),
(141, 2, 20, 'পত্নিতলা'),
(142, 2, 20, 'ধামইরহাট'),
(143, 2, 20, 'নিয়ামতপুর'),
(144, 2, 20, 'মান্দা'),
(145, 2, 20, 'আত্রাই'),
(146, 2, 20, 'রাণীনগর'),
(147, 2, 20, 'নওগাঁ সদর'),
(148, 2, 20, 'সাপাহার'),
(149, 2, 20, 'পোরশা'),
(150, 2, 21, 'নাটোর সদর'),
(151, 2, 21, 'সিংড়া'),
(152, 2, 21, 'বড়াইগ্রাম'),
(153, 2, 21, 'বাগাতিপাড়া'),
(154, 2, 21, 'গুরুদাসপুর'),
(155, 2, 21, 'লালপুর'),
(156, 2, 21, 'নলডাঙ্গা'),
(157, 3, 22, 'রাঙ্গুনিয়া'),
(158, 3, 22, 'সীতাকুণ্ড'),
(159, 3, 22, 'মীরসরাই'),
(160, 3, 22, 'পটিয়া'),
(161, 3, 22, 'সন্দ্বীপ'),
(162, 3, 22, 'বাঁশখালী'),
(163, 3, 22, 'বোয়ালখালী'),
(164, 3, 22, 'আনোয়ারা'),
(165, 3, 22, 'সাতকানিয়া'),
(166, 3, 22, 'লোহাগাড়া'),
(167, 3, 22, 'হাটহাজারী'),
(168, 3, 22, 'ফটিকছড়ি'),
(169, 3, 22, 'রাঊজান'),
(170, 3, 22, 'চন্দনাইশ'),
(171, 3, 23, 'দেবিদ্বার'),
(172, 3, 23, 'বরুড়া'),
(173, 3, 23, 'ব্রাহ্মণপাড়া'),
(174, 3, 23, 'চান্দিনা'),
(175, 3, 23, 'চৌদ্দগ্রাম'),
(176, 3, 23, 'দাউদকান্দি'),
(177, 3, 23, 'হোমনা'),
(178, 3, 23, 'লাকসাম'),
(179, 3, 23, 'মুরাদনগর'),
(180, 3, 23, 'নাঙ্গলকোট'),
(181, 3, 23, 'কুমিল্লা সদর'),
(182, 3, 23, 'মেঘনা'),
(183, 3, 23, 'মনোহরগঞ্জ'),
(184, 3, 23, 'সদর দক্ষিণ'),
(185, 3, 23, 'তিতাস'),
(186, 3, 23, 'বুড়িচং'),
(187, 3, 24, 'ছাগলনাইয়া'),
(188, 3, 24, 'ফেনী সদর'),
(189, 3, 24, 'সোনাগাজী'),
(190, 3, 24, 'ফুলগাজী'),
(191, 3, 24, 'পরশুরাম'),
(192, 3, 24, 'দাগনভুঞা'),
(193, 3, 25, 'ব্রাহ্মণবাড়িয়া সদর'),
(194, 3, 25, 'কসবা'),
(195, 3, 25, 'নাসিরনগর'),
(196, 3, 25, 'সরাইল'),
(197, 3, 25, 'আশুগঞ্জ'),
(198, 3, 25, 'আখাউরা'),
(199, 3, 25, 'নবীনগর'),
(200, 3, 25, 'বাঞ্ছারামপুর'),
(201, 3, 25, 'বিজয়নগর'),
(202, 3, 26, 'রাঙ্গামাটি সদর'),
(203, 3, 26, 'কাপ্তাই'),
(204, 3, 26, 'কাউখালী'),
(205, 3, 26, 'বাঘাইছড়ি'),
(206, 3, 26, 'বরকল'),
(207, 3, 26, 'লংগদু'),
(208, 3, 26, 'রাজস্থলী'),
(209, 3, 26, 'বিলাইছড়ি'),
(210, 3, 26, 'জুরাছড়ি'),
(211, 3, 26, 'নানিয়ারচর'),
(212, 3, 27, 'হাইমচর'),
(213, 3, 27, 'কচুয়া'),
(214, 3, 27, 'শহরাস্তি'),
(215, 3, 27, 'চাঁদপুর সদর'),
(216, 3, 27, 'মতলব উত্তর'),
(217, 3, 27, 'ফরিদ্গঞ্জ'),
(218, 3, 27, 'মতলব দক্ষিণ'),
(219, 3, 27, 'হাজীগঞ্জ'),
(220, 3, 28, 'নোয়াখালী সদর'),
(221, 3, 28, 'কোম্পানীগঞ্জ'),
(222, 3, 28, 'বেগমগঞ্জ'),
(223, 3, 28, 'হাতিয়া'),
(224, 3, 28, 'সুবর্ণচর'),
(225, 3, 28, 'কবিরহাট'),
(226, 3, 28, 'সেনবাগ'),
(227, 3, 28, 'চাটখিল'),
(228, 3, 28, 'সোনাইমুড়ী'),
(229, 3, 29, 'লক্ষ্মীপুর সদর'),
(230, 3, 29, 'কমলনগর'),
(231, 3, 29, 'রায়পুর'),
(232, 3, 29, 'রামগতি'),
(233, 3, 29, 'রামগঞ্জ'),
(234, 3, 30, 'কক্সবাজার সদর'),
(235, 3, 30, 'চকরিয়া'),
(236, 3, 30, 'কুতুবদিয়া'),
(237, 3, 30, 'উখিয়া'),
(238, 3, 30, 'মহেশখালী'),
(239, 3, 30, 'পেকুয়া'),
(240, 3, 30, 'রামু'),
(241, 3, 30, 'টেকনাফ'),
(242, 3, 31, 'খাগড়াছড়ি সদর'),
(243, 3, 31, 'দিঘীনালা'),
(244, 3, 31, 'পানছড়ি'),
(245, 3, 31, 'লক্ষীছড়ি'),
(246, 3, 31, 'মহালছড়ি'),
(247, 3, 31, 'মানিকছড়ি'),
(248, 3, 31, 'রামগড়'),
(249, 3, 31, 'মাটিরাঙ্গা'),
(250, 3, 31, 'গুইমারা'),
(251, 3, 32, 'বান্দরবান সদর'),
(252, 3, 32, 'আলীকদম'),
(253, 3, 32, 'নাইক্ষ্যংছড়ি'),
(254, 3, 32, 'রোয়াংছড়ি'),
(255, 3, 32, 'লামা'),
(256, 3, 32, 'রুমা'),
(257, 3, 32, 'থানচি'),
(258, 4, 33, 'বালাগঞ্জ'),
(259, 4, 33, 'বিয়ানীবাজার'),
(260, 4, 33, 'বিশ্বনাথ'),
(261, 4, 33, 'কোম্পানীগঞ্জ'),
(262, 4, 33, 'ফেঞ্চুগঞ্জ'),
(263, 4, 33, 'গোলাপগঞ্জ'),
(264, 4, 33, 'গোয়াইনঘাট'),
(265, 4, 33, 'জৈন্তাপুর'),
(266, 4, 33, 'কানাইঘাট'),
(267, 4, 33, 'সিলেট সদর'),
(268, 4, 33, 'জকিগঞ্জ'),
(269, 4, 33, 'দক্ষিণ সুরমা'),
(270, 4, 33, 'ওসমানী নগর'),
(271, 4, 34, 'বড়লেখা'),
(272, 4, 34, 'কমলগঞ্জ'),
(273, 4, 34, 'কুলাউরা'),
(274, 4, 34, 'মৌলভীবাজার সদর '),
(275, 4, 34, 'রাজনগর'),
(276, 4, 34, 'শ্রীমঙ্গল'),
(277, 4, 34, 'জুড়ী'),
(278, 4, 35, 'নবীগঞ্জ'),
(279, 4, 35, 'বাহুবল'),
(280, 4, 35, 'আজমিরীগঞ্জ'),
(281, 4, 35, 'বানিয়াচং'),
(282, 4, 35, 'লাখাই'),
(283, 4, 35, 'চুনারুঘাট'),
(284, 4, 35, 'হবিগঞ্জ সদর'),
(285, 4, 35, 'মাধবপুর'),
(286, 4, 36, 'সুনামগঞ্জ সদর'),
(287, 4, 36, 'দক্ষিণ সুনামগঞ্জ'),
(288, 4, 36, 'বিশ্বম্ভরপুর'),
(289, 4, 36, 'ছাতক'),
(290, 4, 36, 'জগন্নাথপুর'),
(291, 4, 36, 'তাহিরপুর'),
(292, 4, 36, 'ধর্মপাশা'),
(293, 4, 36, 'জামালগঞ্জ'),
(294, 4, 36, 'শাল্লা'),
(295, 4, 36, 'দিরাই'),
(296, 4, 36, 'দোয়ারাবাজার'),
(297, 5, 37, 'পাইকগাছা'),
(298, 5, 37, 'ফুলতলা'),
(299, 5, 37, 'দিঘলিয়া'),
(300, 5, 37, 'রূপসা'),
(301, 5, 37, 'তেরখাদা'),
(302, 5, 37, 'ডুমুরিয়া'),
(303, 5, 37, 'বটিয়াঘাটা'),
(304, 5, 37, 'দাকোপ'),
(305, 5, 37, 'কয়রা'),
(306, 5, 38, 'মণিরামপুর'),
(307, 5, 38, 'অভয়নগর'),
(308, 5, 38, 'বাঘারপাড়া'),
(309, 5, 38, 'চৌগাছা'),
(310, 5, 38, 'ঝিকরগাছা'),
(311, 5, 38, 'কেশবপুর'),
(312, 5, 38, 'যশোর সদর'),
(313, 5, 38, 'শার্শা'),
(314, 5, 39, 'আশাশুনি'),
(315, 5, 39, 'দেবহাটা'),
(316, 5, 39, 'কলারোয়া'),
(317, 5, 39, 'সাতক্ষীরা সদর'),
(318, 5, 39, 'শ্যামনগর'),
(319, 5, 39, 'তালা'),
(320, 5, 39, 'কালিগঞ্জ'),
(321, 5, 40, 'মুজিবনগর'),
(322, 5, 40, 'মেহেরপুর সদর'),
(323, 5, 40, 'গাংনী'),
(324, 5, 41, 'নড়াইল সদর'),
(325, 5, 41, 'লোহাগড়া'),
(326, 5, 41, 'কালিয়া'),
(327, 5, 42, 'চুয়াডাঙ্গা সদর'),
(328, 5, 42, 'আলমডাঙ্গা'),
(329, 5, 42, 'দামুড়হুদা'),
(330, 5, 42, 'জীবননগর'),
(331, 5, 43, 'শালিখা'),
(332, 5, 43, 'শ্রীপুর'),
(333, 5, 43, 'মাগুরা সদর'),
(334, 5, 43, 'মহম্মদপুর'),
(335, 5, 44, 'ফকিরহাট'),
(336, 5, 44, 'বাগেরহাট সদর'),
(337, 5, 44, 'মোল্লাহাট'),
(338, 5, 44, 'শরণখোলা'),
(339, 5, 44, 'রামপাল'),
(340, 5, 44, 'মোড়েলগঞ্জ'),
(341, 5, 44, 'কচুয়া'),
(342, 5, 44, 'মোংলা'),
(343, 5, 44, 'চিতলমারী'),
(344, 5, 45, 'ঝিনাইদহ সদর'),
(345, 5, 45, 'শৈলকুপা'),
(346, 5, 45, 'হরিণাকুণ্ডু '),
(347, 5, 45, 'কালীগঞ্জ'),
(348, 5, 45, 'কোটচাঁদপুর'),
(349, 5, 45, 'মহেশপুর'),
(350, 5, 46, 'কুষ্টিয়া সদর'),
(351, 5, 46, 'কুমারখালী'),
(352, 5, 46, 'খোকসা'),
(353, 5, 46, 'মিরপুর'),
(354, 5, 46, 'দৌলতপুর'),
(355, 5, 46, 'ভেড়ামারা'),
(356, 6, 47, 'বরিশাল সদর'),
(357, 6, 47, 'বাকেরগঞ্জ'),
(358, 6, 47, 'বাবুগঞ্জ'),
(359, 6, 47, 'উজিরপুর'),
(360, 6, 47, 'বানারীপাড়া'),
(361, 6, 47, 'গৌরনদী'),
(362, 6, 47, 'আগৈলঝাড়া'),
(363, 6, 47, 'মেহেন্দিগঞ্জ'),
(364, 6, 47, 'মুলাদী'),
(365, 6, 47, 'হিজলা'),
(366, 6, 48, 'ঝালকাঠি সদর'),
(367, 6, 48, 'কাঠালিয়া'),
(368, 6, 48, 'নলছিটি'),
(369, 6, 48, 'রাজাপুর'),
(370, 6, 49, 'বাউফল'),
(371, 6, 49, 'পটুয়াখালী সদর'),
(372, 6, 49, 'দুমকি'),
(373, 6, 49, 'দশমিনা'),
(374, 6, 49, 'কলাপাড়া'),
(375, 6, 49, 'মির্জাগঞ্জ'),
(376, 6, 49, 'গলাচিপা'),
(377, 6, 49, 'রাঙ্গাবালী'),
(378, 6, 50, 'পিরোজপুর সদর'),
(379, 6, 50, 'নাজিরপুর'),
(380, 6, 50, 'কাউখালী'),
(381, 6, 50, 'জিয়ানগর'),
(382, 6, 50, 'ভান্ডারিয়া'),
(383, 6, 50, 'মঠবাড়ীয়া'),
(384, 6, 50, 'নেছারাবাদ'),
(385, 6, 51, 'ভোলা সদর'),
(386, 6, 51, 'বোরহানউদ্দিন'),
(387, 6, 51, 'চরফ্যাশন'),
(388, 6, 51, 'দৌলতখান'),
(389, 6, 51, 'মনপুরা'),
(390, 6, 51, 'তজুমদ্দিন'),
(391, 6, 51, 'লালমোহন'),
(392, 6, 52, 'আমতলী'),
(393, 6, 52, 'বরগুনা সদর'),
(394, 6, 52, 'বেতাগী'),
(395, 6, 52, 'বামনা'),
(396, 6, 52, 'পাথরঘাটা'),
(397, 6, 52, 'তালতলি'),
(398, 7, 53, 'রংপুর সদর'),
(399, 7, 53, 'গঙ্গাচড়া'),
(400, 7, 53, 'তারাগঞ্জ'),
(401, 7, 53, 'বদরগঞ্জ'),
(402, 7, 53, 'মিঠাপুকুর'),
(403, 7, 53, 'কাউনিয়া'),
(404, 7, 53, 'পীরগঞ্জ'),
(405, 7, 53, 'পীরগাছা'),
(406, 7, 54, 'লালমনিরহাট সদর'),
(407, 7, 54, 'আদিতমারী'),
(408, 7, 54, 'কালীগঞ্জ'),
(409, 7, 54, 'হাতীবান্ধা'),
(410, 7, 54, 'পাটগ্রাম'),
(411, 7, 55, 'পঞ্চগড় সদর'),
(412, 7, 55, 'দেবীগঞ্জ'),
(413, 7, 55, 'বোদা'),
(414, 7, 55, 'আটোয়ারী'),
(415, 7, 55, 'তেতুলিয়া'),
(416, 7, 56, 'কুড়িগ্রাম সদর'),
(417, 7, 56, 'নাগেশ্বরী'),
(418, 7, 56, 'ভুরুঙ্গামারী'),
(419, 7, 56, 'ফুলবাড়ী'),
(420, 7, 56, 'রাজারহাট'),
(421, 7, 56, 'উলিপুর'),
(422, 7, 56, 'চিলমারী'),
(423, 7, 56, 'রৌমারী'),
(424, 7, 56, 'চর রাজিবপুর'),
(425, 7, 57, 'নবাবগঞ্জ'),
(426, 7, 57, 'বীরগঞ্জ'),
(427, 7, 57, 'ঘোড়াঘাট'),
(428, 7, 57, 'বিরামপুর'),
(429, 7, 57, 'পার্বতীপুর'),
(430, 7, 57, 'বোচাগঞ্জ'),
(431, 7, 57, 'কাহারোল'),
(432, 7, 57, 'ফুলবাড়ী'),
(433, 7, 57, 'দিনাজপুর সদর'),
(434, 7, 57, 'হাকিমপুর'),
(435, 7, 57, 'খানসামা'),
(436, 7, 57, 'বিরল'),
(437, 7, 57, 'চিরিরবন্দর'),
(438, 7, 58, 'ঠাকুরগাঁও সদর'),
(439, 7, 58, 'পীরগঞ্জ'),
(440, 7, 58, 'রাণীশংকৈল'),
(441, 7, 58, 'হরিপুর'),
(442, 7, 58, 'বালিয়াডাঙ্গী'),
(443, 7, 59, 'সাদুল্লাপুর'),
(444, 7, 59, 'গাইবান্ধা সদর'),
(445, 7, 59, 'পলাশবাড়ী'),
(446, 7, 59, 'সাঘাটা'),
(447, 7, 59, 'গোবিন্দগঞ্জ'),
(448, 7, 59, 'সুন্দরগঞ্জ'),
(449, 7, 59, 'ফুলছড়ি'),
(450, 7, 60, 'সৈয়দপুর'),
(451, 7, 60, 'ডোমার'),
(452, 7, 60, 'ডিমলা'),
(453, 7, 60, 'জলঢাকা'),
(454, 7, 60, 'কিশোরগঞ্জ'),
(455, 7, 60, 'নীলফামারী সদর'),
(456, 8, 61, 'ফুলবাড়ীয়া '),
(457, 8, 61, 'ত্রিশাল'),
(458, 8, 61, 'ভালুকা'),
(459, 8, 61, 'মুক্তাগাছা'),
(460, 8, 61, 'ময়মনসিংহ সদর'),
(461, 8, 61, 'ধোবাউরা'),
(462, 8, 61, 'ফুলপুর'),
(463, 8, 61, 'হালুয়াঘাট'),
(464, 8, 61, 'গৌরীপুর'),
(465, 8, 61, 'গফরগাঁও'),
(466, 8, 61, 'ঈশ্বরগঞ্জ'),
(467, 8, 61, 'নান্দাইল'),
(468, 8, 61, 'তারাকান্দা'),
(469, 8, 62, 'জামালপুর সদর'),
(470, 8, 62, 'মেলান্দহ'),
(471, 8, 62, 'ইসলামপুর'),
(472, 8, 62, 'দেওয়ানগঞ্জ'),
(473, 8, 62, 'সরিষাবাড়ী'),
(474, 8, 62, 'মাদারগঞ্জ'),
(475, 8, 62, 'বকশীগঞ্জ'),
(476, 8, 63, 'বারহাট্টা'),
(477, 8, 63, 'দুর্গাপুর'),
(478, 8, 63, 'কেন্দুয়া'),
(479, 8, 63, 'আটপাড়া'),
(480, 8, 63, 'মদন'),
(481, 8, 63, 'খালিয়াজুরী'),
(482, 8, 63, 'কলমাকান্দা'),
(483, 8, 63, 'মোহনগঞ্জ'),
(484, 8, 63, 'পূর্বধলা'),
(485, 8, 63, 'নেত্রকোনা সদর'),
(486, 8, 64, 'শেরপুর সদর'),
(487, 8, 64, 'নালিতাবাড়ী'),
(488, 8, 64, 'শ্রীবরদী'),
(489, 8, 64, 'নকলা'),
(490, 8, 64, 'ঝিনাইগাতী'),
(491, 1, 1, 'ঢাকা মহানগর');

-- --------------------------------------------------------

--
-- Table structure for table `tbl_zilla`
--

CREATE TABLE `tbl_zilla` (
  `id` int(11) NOT NULL,
  `divission_id` int(11) NOT NULL,
  `name` varchar(255) NOT NULL
) ENGINE=InnoDB DEFAULT CHARSET=utf8;

--
-- Dumping data for table `tbl_zilla`
--

INSERT INTO `tbl_zilla` (`id`, `divission_id`, `name`) VALUES
(1, 1, 'ঢাকা'),
(2, 1, 'গাজীপুর'),
(3, 1, 'টাঙ্গাইল'),
(4, 1, 'নারায়ণগঞ্জ'),
(5, 1, 'কিশোরগঞ্জ'),
(6, 1, 'নরসিংদী'),
(7, 1, 'রাজবাড়ী'),
(8, 1, 'ফরিদপুর'),
(9, 1, 'মাদারীপুর'),
(10, 1, 'গোপালগঞ্জ'),
(11, 1, 'মুন্সিগঞ্জ'),
(12, 1, 'মানিকগঞ্জ'),
(13, 1, 'শরীয়তপুর'),
(14, 2, 'রাজশাহী'),
(15, 2, 'সিরাজগঞ্জ'),
(16, 2, 'পাবনা'),
(17, 2, 'বগুড়া'),
(18, 2, 'চাঁপাইনবাবগঞ্জ'),
(19, 2, 'জয়পুরহাট'),
(20, 2, 'নওগাঁ'),
(21, 2, 'নাটোর'),
(22, 3, 'চট্টগ্রাম'),
(23, 3, 'কুমিল্লা'),
(24, 3, 'ফেনী'),
(25, 3, 'ব্রাহ্মণবাড়িয়া'),
(26, 3, 'রাঙ্গামাটি'),
(27, 3, 'চাঁদপুর'),
(28, 3, 'নোয়াখালী'),
(29, 3, 'লক্ষ্মীপুর'),
(30, 3, 'কক্সবাজার'),
(31, 3, 'খাগড়াছড়ি'),
(32, 3, 'বান্দরবান'),
(33, 4, 'সিলেট'),
(34, 4, 'মৌলভীবাজার'),
(35, 4, 'হবিগঞ্জ'),
(36, 4, 'সুনামগঞ্জ'),
(37, 5, 'খুলনা'),
(38, 5, 'যশোর'),
(39, 5, 'সাতক্ষীরা'),
(40, 5, 'মেহেরপুর'),
(41, 5, 'নড়াইল'),
(42, 5, 'চুয়াডাঙ্গা'),
(43, 5, 'মাগুড়া'),
(44, 5, 'বাগেরহাট'),
(45, 5, 'ঝিনাইদহ'),
(46, 5, 'কুষ্টিয়া'),
(47, 6, 'বরিশাল'),
(48, 6, 'ঝালকাঠি'),
(49, 6, 'পটুয়াখালী'),
(50, 6, 'পিরোজপুর'),
(51, 6, 'ভোলা'),
(52, 6, 'বরগুনা'),
(53, 7, 'রংপুর'),
(54, 7, 'লালমনিরহাট'),
(55, 7, 'পঞ্চগড়'),
(56, 7, 'কুড়িগ্রাম'),
(57, 7, 'দিনাজপুর'),
(58, 7, 'ঠাকুরগাঁও'),
(59, 7, 'গাইবান্ধা'),
(60, 7, 'নীলফামারী'),
(61, 8, 'ময়মনসিংহ'),
(62, 8, 'জামালপুর'),
(63, 8, 'নেত্রকোনা'),
(64, 8, 'শেরপুর');

-- --------------------------------------------------------

--
-- Table structure for table `user`
--

CREATE TABLE `user` (
  `id` int(11) NOT NULL,
  `firstname` text NOT NULL,
  `lastname` text NOT NULL,
  `username` varchar(10) NOT NULL,
  `email` varchar(200) NOT NULL,
  `password` text NOT NULL,
  `address` int(11) NOT NULL COMMENT 'thana id',
  `roadHouse` text NOT NULL,
  `phone` text NOT NULL,
  `userType` text NOT NULL,
  `photo` text CHARACTER SET utf8 COLLATE utf8_bin NOT NULL,
  `status` tinyint(1) NOT NULL DEFAULT '1' COMMENT '1 for active user, 0 for not active user',
  `emailVerified` tinyint(1) NOT NULL DEFAULT '0' COMMENT '1 for verify, 0 for not verify',
  `mobileVerified` tinyint(1) NOT NULL DEFAULT '0' COMMENT '1 for verify, 0 for not verify'
) ENGINE=InnoDB DEFAULT CHARSET=latin1;

--
-- Dumping data for table `user`
--

INSERT INTO `user` (`id`, `firstname`, `lastname`, `username`, `email`, `password`, `address`, `roadHouse`, `phone`, `userType`, `photo`, `status`, `emailVerified`, `mobileVerified`) VALUES
(1, 'Md. Rayhanuzzaman ', 'Roky', 'roky', 'rzroky@hrsoftbd.com', '7c4a8d09ca3762af61e59520943dc26494f8941b', 491, '12/6 solimullah road', '01709372481', 'admin', 'assets/userPhoto/personstandingpinksilhouettep_20190217115052.jpg', 1, 0, 0),
(2, 'Md. Meheruzzaman', 'Khan', 'mohonatour', 'info@mohonatravels.com', 'f7ffc7cc8b9b6811233c9977679b1ccc70ef6b99', 16, '23/67, black road.', '01711997897', 'admin', 'assets/userPhoto/_20190109162112.jpg', 1, 0, 0);

-- --------------------------------------------------------

--
-- Table structure for table `user_type`
--

CREATE TABLE `user_type` (
  `id` int(11) NOT NULL,
  `value` varchar(255) NOT NULL,
  `name` varchar(255) NOT NULL
) ENGINE=InnoDB DEFAULT CHARSET=latin1 COMMENT='types of user, each type has single controller';

--
-- Dumping data for table `user_type`
--

INSERT INTO `user_type` (`id`, `value`, `name`) VALUES
(2, 'user', 'User');

--
-- Indexes for dumped tables
--

--
-- Indexes for table `tbl_blog`
--
ALTER TABLE `tbl_blog`
  ADD PRIMARY KEY (`id`);

--
-- Indexes for table `tbl_common_pages`
--
ALTER TABLE `tbl_common_pages`
  ADD PRIMARY KEY (`id`);

--
-- Indexes for table `tbl_contact_manage`
--
ALTER TABLE `tbl_contact_manage`
  ADD PRIMARY KEY (`id`);

--
-- Indexes for table `tbl_contact_page`
--
ALTER TABLE `tbl_contact_page`
  ADD PRIMARY KEY (`id`);

--
-- Indexes for table `tbl_divission`
--
ALTER TABLE `tbl_divission`
  ADD PRIMARY KEY (`id`);

--
-- Indexes for table `tbl_general`
--
ALTER TABLE `tbl_general`
  ADD PRIMARY KEY (`id`),
  ADD UNIQUE KEY `name` (`name`);

--
-- Indexes for table `tbl_packages`
--
ALTER TABLE `tbl_packages`
  ADD PRIMARY KEY (`id`);

--
-- Indexes for table `tbl_portfolio`
--
ALTER TABLE `tbl_portfolio`
  ADD PRIMARY KEY (`id`);

--
-- Indexes for table `tbl_red_alert`
--
ALTER TABLE `tbl_red_alert`
  ADD PRIMARY KEY (`id`);

--
-- Indexes for table `tbl_slider`
--
ALTER TABLE `tbl_slider`
  ADD PRIMARY KEY (`id`);

--
-- Indexes for table `tbl_teammember`
--
ALTER TABLE `tbl_teammember`
  ADD PRIMARY KEY (`id`);

--
-- Indexes for table `tbl_testimonials`
--
ALTER TABLE `tbl_testimonials`
  ADD PRIMARY KEY (`id`);

--
-- Indexes for table `tbl_upozilla`
--
ALTER TABLE `tbl_upozilla`
  ADD PRIMARY KEY (`id`);

--
-- Indexes for table `tbl_zilla`
--
ALTER TABLE `tbl_zilla`
  ADD PRIMARY KEY (`id`);

--
-- Indexes for table `user`
--
ALTER TABLE `user`
  ADD PRIMARY KEY (`id`),
  ADD UNIQUE KEY `username` (`username`,`email`);

--
-- Indexes for table `user_type`
--
ALTER TABLE `user_type`
  ADD PRIMARY KEY (`id`);

--
-- AUTO_INCREMENT for dumped tables
--

--
-- AUTO_INCREMENT for table `tbl_blog`
--
ALTER TABLE `tbl_blog`
  MODIFY `id` int(11) NOT NULL AUTO_INCREMENT, AUTO_INCREMENT=9;

--
-- AUTO_INCREMENT for table `tbl_common_pages`
--
ALTER TABLE `tbl_common_pages`
  MODIFY `id` int(11) NOT NULL AUTO_INCREMENT, AUTO_INCREMENT=14;

--
-- AUTO_INCREMENT for table `tbl_contact_manage`
--
ALTER TABLE `tbl_contact_manage`
  MODIFY `id` int(11) NOT NULL AUTO_INCREMENT, AUTO_INCREMENT=12;

--
-- AUTO_INCREMENT for table `tbl_contact_page`
--
ALTER TABLE `tbl_contact_page`
  MODIFY `id` int(11) NOT NULL AUTO_INCREMENT, AUTO_INCREMENT=2;

--
-- AUTO_INCREMENT for table `tbl_divission`
--
ALTER TABLE `tbl_divission`
  MODIFY `id` int(11) NOT NULL AUTO_INCREMENT, AUTO_INCREMENT=9;

--
-- AUTO_INCREMENT for table `tbl_general`
--
ALTER TABLE `tbl_general`
  MODIFY `id` int(11) NOT NULL AUTO_INCREMENT, AUTO_INCREMENT=27;

--
-- AUTO_INCREMENT for table `tbl_packages`
--
ALTER TABLE `tbl_packages`
  MODIFY `id` int(11) NOT NULL AUTO_INCREMENT, AUTO_INCREMENT=8;

--
-- AUTO_INCREMENT for table `tbl_portfolio`
--
ALTER TABLE `tbl_portfolio`
  MODIFY `id` int(11) NOT NULL AUTO_INCREMENT, AUTO_INCREMENT=7;

--
-- AUTO_INCREMENT for table `tbl_red_alert`
--
ALTER TABLE `tbl_red_alert`
  MODIFY `id` int(11) NOT NULL AUTO_INCREMENT, AUTO_INCREMENT=2;

--
-- AUTO_INCREMENT for table `tbl_slider`
--
ALTER TABLE `tbl_slider`
  MODIFY `id` int(11) NOT NULL AUTO_INCREMENT, AUTO_INCREMENT=5;

--
-- AUTO_INCREMENT for table `tbl_teammember`
--
ALTER TABLE `tbl_teammember`
  MODIFY `id` int(11) NOT NULL AUTO_INCREMENT, AUTO_INCREMENT=10;

--
-- AUTO_INCREMENT for table `tbl_testimonials`
--
ALTER TABLE `tbl_testimonials`
  MODIFY `id` int(11) NOT NULL AUTO_INCREMENT, AUTO_INCREMENT=2;

--
-- AUTO_INCREMENT for table `tbl_upozilla`
--
ALTER TABLE `tbl_upozilla`
  MODIFY `id` int(11) NOT NULL AUTO_INCREMENT, AUTO_INCREMENT=492;

--
-- AUTO_INCREMENT for table `tbl_zilla`
--
ALTER TABLE `tbl_zilla`
  MODIFY `id` int(11) NOT NULL AUTO_INCREMENT, AUTO_INCREMENT=65;

--
-- AUTO_INCREMENT for table `user`
--
ALTER TABLE `user`
  MODIFY `id` int(11) NOT NULL AUTO_INCREMENT, AUTO_INCREMENT=3;

--
-- AUTO_INCREMENT for table `user_type`
--
ALTER TABLE `user_type`
  MODIFY `id` int(11) NOT NULL AUTO_INCREMENT, AUTO_INCREMENT=3;
COMMIT;

/*!40101 SET CHARACTER_SET_CLIENT=@OLD_CHARACTER_SET_CLIENT */;
/*!40101 SET CHARACTER_SET_RESULTS=@OLD_CHARACTER_SET_RESULTS */;
/*!40101 SET COLLATION_CONNECTION=@OLD_COLLATION_CONNECTION */;
